DevelopmentalStage,Dataset,Correlation
late_devo,Madhavan_12w,0.04674786409332595
late_devo,Xiang_10w,-0.024490952503739533
late_devo,Xiang_11w,0.06996331636009244
late_devo,Xiangb1_4w,-0.04022068122789807
late_devo,Xiangb2_4w,-0.018259821930168944
