DevelopmentalStage,Dataset,Correlation
early_devo,Trujillo_24w,0.15989364387707075
early_devo,Xiang_10w,0.22160530025380185
early_devo,Xiang_11w,0.20983575951384775
early_devo,Xiangb1_4w,0.16739406215895059
early_devo,Xiangb2_4w,0.196435581792685
