DevelopmentalStage,Dataset,Correlation
late_devo,Bhaduri_H1S_10w,-0.04387728038530383
late_devo,Bhaduri_H1S_10w,-0.04387728038530383
late_devo,Giandomenico_10w,0.10257997245106078
late_devo,Fair_20w,0.12486279225061621
late_devo,Trujillo_40w,0.016143361818636685
late_devo,Velasco_24w,0.14641949435441348
