DevelopmentalStage,Dataset,Correlation
early_devo,Bhaduri_H1S_10w,-0.05288301186627372
early_devo,Bhaduri_H1S_10w,-0.05288301186627372
early_devo,Giandomenico_10w,0.18411024947595778
early_devo,Fair_20w,0.16278017833489952
early_devo,Trujillo_40w,0.05105133009365624
early_devo,Velasco_24w,0.23036283613820557
