DevelopmentalStage,Dataset,Correlation
early_devo,Madhavan_12w,0.08859942327640861
early_devo,Xiang_10w,0.06176524456199754
early_devo,Xiang_11w,0.10549754458620661
early_devo,Xiangb1_4w,0.032446796300567106
early_devo,Xiangb2_4w,0.03736102742060677
