DevelopmentalStage,Dataset,Correlation
early_devo,Bhaduri_H1S_10w,0.02196784585975563
early_devo,Bhaduri_H1S_10w,0.02196784585975563
early_devo,Giandomenico_10w,0.2829460272366422
early_devo,Popova_batch2_7w,0.25708280273003853
early_devo,Trujillo_12w,0.12747814652838418
early_devo,Trujillo_24w,0.07666913280469734
early_devo,Trujillo_40w,0.12734048585924945
early_devo,Velasco_12w,0.2251315509213907
early_devo,Velasco_24w,0.18910210297290353
