DevelopmentalStage,Dataset,Correlation
mid_devo,Bhaduri_H1S_10w,0.055781446986508734
mid_devo,Bhaduri_H1S_10w,0.055781446986508734
mid_devo,Giandomenico_10w,0.11607620263575633
mid_devo,Popova_batch2_7w,0.09859439893155779
mid_devo,Trujillo_12w,0.07877020365263764
mid_devo,Trujillo_24w,0.12986188721341818
mid_devo,Trujillo_40w,0.1491617160366839
mid_devo,Velasco_12w,0.09803593881309593
mid_devo,Velasco_24w,0.1600507273697008
