DevelopmentalStage,Dataset,Correlation
mid_devo,Trujillo_24w,0.19171077852174204
mid_devo,Xiang_10w,0.29863274855626404
mid_devo,Xiang_11w,0.28428045222586046
mid_devo,Xiangb1_4w,0.15907545888678618
mid_devo,Xiangb2_4w,0.1416319516110758
