DevelopmentalStage,Dataset,Correlation
mid_devo,Bhaduri_H1S_10w,0.12896386312747374
mid_devo,Bhaduri_H1S_10w,0.12896386312747374
mid_devo,Bhaduri_H1S_8w,0.12072312358599406
mid_devo,Bhaduri_H1X_8w,-0.062487534305710676
mid_devo,Trujillo_24w,-0.055406565867222556
mid_devo,Trujillo_40w,-0.06918736379902271
mid_devo,Velasco_12w,0.1623063945430525
mid_devo,Velasco_24w,0.13311691267585296
