DevelopmentalStage,Dataset,Correlation
late_devo,Bhaduri_H1S_10w,-0.016534174184353483
late_devo,Bhaduri_H1S_10w,-0.016534174184353483
late_devo,Giandomenico_10w,0.23343322471562403
late_devo,Popova_batch2_7w,0.14130218324730176
late_devo,Trujillo_12w,0.032188041379868235
late_devo,Trujillo_24w,0.04405991849765901
late_devo,Trujillo_40w,0.14211435991775717
late_devo,Velasco_12w,0.1405773873154962
late_devo,Velasco_24w,0.23245983382317448
