DevelopmentalStage,Dataset,Correlation
mid_devo,Bhaduri_H1S_10w,-0.07500817658389593
mid_devo,Bhaduri_H1S_10w,-0.07500817658389593
mid_devo,Giandomenico_10w,0.11031419128538741
mid_devo,Fair_20w,0.12746414243105914
mid_devo,Trujillo_40w,-0.028947013659188305
mid_devo,Velasco_24w,0.09247647503419389
