,CellType,Count,Group,Proportion,Percentage
0,CPNs,4949,3months,0.27844041858895013,28
1,Immature CPNs,3308,3months,0.18611454934173513,19
2,CFuPNs,2912,3months,0.16383481489816587,17
3,Immature PNs,1598,3months,0.08990660515359514,9
4,IPCs/Immature PNs,1403,3months,0.07893552379880725,8
5,Immature CFuPNs,1199,3months,0.06745808484302915,7
6,oRG,1056,3months,0.059412625182851356,6
7,RG,686,3months,0.03859570158658715,4
8,Cycling,663,3months,0.03730167660627883,4
